,Productname,Price,Description,Rating
0,"POCO X5 Pro 5G (Horizon Blue, 256 GB)","₹22,999",8 GB RAM | 256 GB ROM16.94 cm (6.67 inch) Full HD+ Display108MP + 8MP + 2MP | 16MP Front Camera5000 mAh BatteryQualcomm Snapdragon 778G Processor1 Year Manufacturer Warranty for Phone and 6 Months Warranty for in the Box Accessories,4.3
1,"REDMI Note 12 Pro 5G (Stardust Purple, 128 GB)","₹23,999",6 GB RAM | 128 GB ROM16.94 cm (6.67 inch) Full HD+ AMOLED Display50MP (OIS) + 8MP + 2MP | 16MP Front Camera5000 mAh Lithium Polymer BatteryMediatek Dimensity 1080 Processor1 Year Manufacturer Warranty for Phone and 6 Months Warranty for In the Box Accessories,4.2
2,"REDMI Note 12 Pro 5G (Glacier Blue, 128 GB)","₹23,999",6 GB RAM | 128 GB ROM16.94 cm (6.67 inch) Full HD+ AMOLED Display50MP (OIS) + 8MP + 2MP | 16MP Front Camera5000 mAh Lithium Polymer BatteryMediatek Dimensity 1080 Processor1 Year Manufacturer Warranty for Phone and 6 Months Warranty for In the Box Accessories,4.2
3,"REDMI Note 12 Pro 5G (Stardust Purple, 128 GB)","₹24,999",8 GB RAM | 128 GB ROM16.94 cm (6.67 inch) Full HD+ AMOLED Display50MP (OIS) + 8MP + 2MP | 16MP Front Camera5000 mAh Lithium Polymer BatteryMediatek Dimensity 1080 Processor1 Year Manufacturer Warranty for Phone and 6 Months Warranty for In the Box Accessories,4.2
4,"REDMI Note 12 Pro 5G (Onyx Black, 128 GB)","₹23,999",6 GB RAM | 128 GB ROM16.94 cm (6.67 inch) Full HD+ AMOLED Display50MP (OIS) + 8MP + 2MP | 16MP Front Camera5000 mAh Lithium Polymer BatteryMediatek Dimensity 1080 Processor1 Year Manufacturer Warranty for Phone and 6 Months Warranty for In the Box Accessories,4.2
5,"REDMI Note 12 Pro 5G (Stardust Purple, 256 GB)","₹26,999",8 GB RAM | 256 GB ROM16.94 cm (6.67 inch) Full HD+ AMOLED Display50MP (OIS) + 8MP + 2MP | 16MP Front Camera5000 mAh Lithium Polymer BatteryMediatek Dimensity 1080 Processor1 Year Manufacturer Warranty for Phone and 6 Months Warranty for In the Box Accessories,4.2
6,"SAMSUNG Galaxy M33 5G (Deep Ocean Blue, 128 GB)","₹18,200",8 GB RAM | 128 GB ROM16.76 cm (6.6 inch) Display50MP Rear Camera6000 mAh Battery1 Year Warranty,4.2
7,"REDMI Note 12 Pro 5G (Glacier Blue, 256 GB)","₹26,999",8 GB RAM | 256 GB ROM16.94 cm (6.67 inch) Full HD+ AMOLED Display50MP (OIS) + 8MP + 2MP | 16MP Front Camera5000 mAh Lithium Polymer BatteryMediatek Dimensity 1080 Processor1 Year Manufacturer Warranty for Phone and 6 Months Warranty for In the Box Accessories,4.2
8,"SAMSUNG Galaxy M33 5G (Mystique Green, 128 GB)","₹18,200",8 GB RAM | 128 GB ROM16.76 cm (6.6 inch) Display50MP Rear Camera6000 mAh Battery1 Year Warranty,4.2
9,"REDMI Note 12 Pro+ 5G (Iceberg Blue, 256 GB)","₹29,999",8 GB RAM | 256 GB ROM16.94 cm (6.67 inch) Full HD+ AMOLED Display200MP + 8MP + 2MP | 16MP Front Camera4980 mAh Lithium Polymer BatteryMediatek Dimensity 1080 Processor1 Year Manufacturer Warranty for Phone and 6 Months Warranty for In the Box Accessories,4.2
10,"REDMI Note 12 Pro+ 5G (Arctic White, 256 GB)","₹29,999",8 GB RAM | 256 GB ROM16.94 cm (6.67 inch) Full HD+ AMOLED Display200MP + 8MP + 2MP | 16MP Front Camera4980 mAh Lithium Polymer BatteryMediatek Dimensity 1080 Processor1 Year Manufacturer Warranty for Phone and 6 Months Warranty for In the Box Accessories,4.2
11,"REDMI Note 12 Pro+ 5G (Obsidian Black, 256 GB)","₹29,999",8 GB RAM | 256 GB ROM16.94 cm (6.67 inch) Full HD+ AMOLED Display200MP + 8MP + 2MP | 16MP Front Camera4980 mAh Lithium Polymer BatteryMediatek Dimensity 1080 Processor1 Year Manufacturer Warranty for Phone and 6 Months Warranty for In the Box Accessories,4.2
12,"OnePlus Nord 2T 5G (Jade Fog, 128 GB)","₹28,995",8 GB RAM | 128 GB ROM17.02 cm (6.7 inch) Display50MP Rear Camera4500 mAh Battery12 Month,4.4
13,"REDMI Note 12 Pro 5G (Onyx Black, 256 GB)","₹26,999",8 GB RAM | 256 GB ROM16.94 cm (6.67 inch) Full HD+ AMOLED Display50MP (OIS) + 8MP + 2MP | 16MP Front Camera5000 mAh Lithium Polymer BatteryMediatek Dimensity 1080 Processor1 Year Manufacturer Warranty for Phone and 6 Months Warranty for In the Box Accessories,4.2
14,"POCO F5 5G (Snowstorm White, 256 GB)","₹29,999",8 GB RAM | 256 GB ROM16.94 cm (6.67 inch) Full HD+ Display64MP (OIS) + 8MP + 2MP | 16MP Front Camera5000 mAh BatteryQualcomm Snapdragon 7+ Gen 2 (4nm) Processor2 Year Manufacturer Warranty for Phone and 6 Months Warranty for In the Box Accessories,4.2
15,"SAMSUNG Galaxy M33 5G (Emerald Brown, 128 GB)","₹17,780",8 GB RAM | 128 GB ROM16.76 cm (6.6 inch) Display50MP Rear Camera6000 mAh Battery12 Months Warranty,4.2
16,"SAMSUNG Galaxy A23 5G (Light Blue, 128 GB)","₹21,999",6 GB RAM | 128 GB ROM | Expandable Upto 1 TB16.76 cm (6.6 inch) Full HD+ Display50MP + 5MP | 8MP Front Camera5000 mAh Lithium Ion BatteryQualcomm Snapdragon 695 (SM6375) Processor1 Year Manufacturer Warranty for Device and 6 Months Manufacturer Warranty for In-Box Accessories,4.1
17,"OnePlus Nord 2T 5G (Jade Fog, 128 GB)","₹28,895",8 GB RAM | 128 GB ROM17.02 cm (6.7 inch) Display50MP Rear Camera4500 mAh Battery12 Month,4.4
18,"POCO F5 5G (Electric Blue, 256 GB)","₹29,999",8 GB RAM | 256 GB ROM16.94 cm (6.67 inch) Full HD+ Display64MP (OIS) + 8MP + 2MP | 16MP Front Camera5000 mAh BatteryQualcomm Snapdragon 7+ Gen 2 (4nm) Processor2 Year Manufacturer Warranty for Phone and 6 Months Warranty for In the Box Accessories,4.2
19,"POCO F5 5G (Carbon Black, 256 GB)","₹29,999",8 GB RAM | 256 GB ROM16.94 cm (6.67 inch) Full HD+ Display64MP (OIS) + 8MP + 2MP | 16MP Front Camera5000 mAh BatteryQualcomm Snapdragon 7+ Gen 2 (4nm) Processor2 Year Manufacturer Warranty for Phone and 6 Months Warranty for In the Box Accessories,4.2
20,"MOTOROLA Edge 40 (Nebula Green, 256 GB)","₹29,999",8 GB RAM | 256 GB ROM16.64 cm (6.55 inch) Full HD+ Display50MP + 13MP | 32MP Front Camera4400 mAh BatteryDimensity 8020 ProcessorVegan Leather1 Year Handset and 6 Months Accessories,4.2
21,"SAMSUNG Galaxy A23 5G (Silver, 128 GB)","₹21,999",6 GB RAM | 128 GB ROM | Expandable Upto 1 TB16.76 cm (6.6 inch) Full HD+ Display50MP + 5MP | 8MP Front Camera5000 mAh Lithium Ion BatteryQualcomm Snapdragon 695 (SM6375) Processor1 Year Manufacturer Warranty for Device and 6 Months Manufacturer Warranty for In-Box Accessories,4.1
22,"REDMI K50i 5G (Stealth Black, 128 GB)","₹20,999",6 GB RAM | 128 GB ROM16.76 cm (6.6 inch) Full HD+ Display64MP + 8MP + 2MP | 16MP Front Camera5080 mAh BatteryDimensity 8100 Processor1 Year Manufacturer Warranty for Phone and 6 Months Warranty for In the Box Accessories,4.1
23,"SAMSUNG Galaxy S20 FE 5G (Cloud Navy, 128 GB)","₹28,999",8 GB RAM | 128 GB ROM16.51 cm (6.5 inch) Display12MP Rear Camera4500 mAh Battery1 Year Warranty,4.2
24,"REDMI Note 12 Pro 5G (Onyx Black, 128 GB)","₹24,999",8 GB RAM | 128 GB ROM16.94 cm (6.67 inch) Full HD+ AMOLED Display50MP (OIS) + 8MP + 2MP | 16MP Front Camera5000 mAh Lithium Polymer BatteryMediatek Dimensity 1080 Processor1 Year Manufacturer Warranty for Phone and 6 Months Warranty for In the Box Accessories,4.2
25,"OnePlus Nord 2T 5G (Gray Shadow, 128 GB)","₹27,974",8 GB RAM | 128 GB ROM17.02 cm (6.7 inch) Display50MP Rear Camera4500 mAh Battery12 Month,4.4
26,"realme 11 Pro+ 5G (Astral Black, 256 GB)","₹29,999",12 GB RAM | 256 GB ROM17.02 cm (6.7 inch) Full HD+ Display200MP (OIS) + 8MP + 2MP | 32MP Front Camera5000 mAh BatteryDimensity 7050 Processor1 Year Manufacturer Warranty for Device and 6 Months Manufacturer Warranty for In-Box Accessories,4.3
27,"REDMI K50i 5G (Stealth Black, 128 GB)","₹20,999",6 GB RAM | 128 GB ROM16.76 cm (6.6 inch) Full HD+ Display64MP + 8MP + 2MP | 16MP Front Camera5080 mAh BatteryDimensity 8100 Processor1 Year Manufacturer Warranty for Phone and 6 Months Warranty for In the Box Accessories,4.1
28,"Nothing Phone (1) (Black, 128 GB)","₹29,499","8 GB RAM | 128 GB ROM16.64 cm (6.55 inch) Full HD+ Display50MP + 50MP | 16MP Front Camera4500 mAh Lithium-ion BatteryQualcomm Snapdragon 778G+ ProcessorMeet the Glyph Interface. A New Way to Communicate1 Billion Colours, True-to-Life Full HD Flexible OLED Display with HDR10+ for Richer Colour and Deeper Contrasts.1 Year Warranty",4.4
29,"vivo V25 5G (Surfing Blue, 128 GB)","₹25,790",8 GB RAM | 128 GB ROM16.36 cm (6.44 inch) Full HD+ Display64MP + 8MP + 2MP | 50MP Front Camera4500 mAh Lithium BatteryMediatek Dimensity 900 Processor1 Year of Device & 6 Months for In-Box Accessories,4.3
30,"OPPO Reno8T 5G (Midnight Black, 128 GB)","₹29,999",8 GB RAM | 128 GB ROM | Expandable Upto 1 TB17.02 cm (6.7 inch) Full HD+ Display108MP + 2MP + 2MP | 32MP Front Camera4800 mAh Lithium-ion Polymer BatteryQualcomm Snapdragon 695 Processor67W SUPERVOOC TM Charger I Dual Stereo Speakers120Hz 3D Curved AMOLED Screen1 Year on Handset and 6 Months on Accessories,4.3
31,"OPPO Reno8T 5G (Sunrise Gold, 128 GB)","₹29,999",8 GB RAM | 128 GB ROM | Expandable Upto 1 TB17.02 cm (6.7 inch) Full HD+ Display108MP + 2MP + 2MP | 32MP Front Camera4800 mAh Lithium-ion Polymer BatteryQualcomm Snapdragon 695 Processor67W SUPERVOOC TM Charger I Dual Stereo Speakers120Hz 3D Curved AMOLED Screen1 Year on Handset and 6 Months on Accessories,4.3
32,"OnePlus Nord 2T 5G (Jade Fog, 128 GB)","₹28,099",8 GB RAM | 128 GB ROM17.02 cm (6.7 inch) Display50MP Rear Camera4500 mAh Battery12 Month,4.4
33,"vivo V25 Pro 5G (Pure Black, 256 GB)","₹29,799",12 GB RAM | 256 GB ROM16.66 cm (6.56 inch) Full HD+ Display64MP + 8MP + 2MP | 32MP Front Camera4830 mAh Lithium BatteryMediatek Dimensity 1300 ProcessorColor Changing Fluorite AG Glass Design120 Hz 3D Curve Display1 Year on Handset and 6 Months on Accessories,4.3
34,"SAMSUNG Galaxy S20 FE 5G (Cloud Mint, 128 GB)","₹27,999",8 GB RAM | 128 GB ROM16.51 cm (6.5 inch) Display12MP Rear Camera4500 mAh Battery1 Year Warranty,4.2
35,"vivo Y100A (Twilight Gold, 256 GB)","₹25,999",8 GB RAM | 256 GB ROM16.21 cm (6.38 inch) Full HD+ Display64MP + 2MP + 2MP | 16MP Front Camera4500 mAh BatterySnapdragon 695 Processor1 Year of Device & 6 Months for Inbox Accessories,4.3
36,"SAMSUNG Galaxy A34 5G (Awesome Violet, 128 GB)","₹30,999","8 GB RAM | 128 GB ROM | Expandable Upto 1 TB16.76 cm (6.6 inch) Full HD+ Display48MP + 8MP + 5MP | 13MP Front Camera5000 mAh Li-ion Battery BatteryDimensity 1080, Octa Core Processor1 year manufacturer warranty for device and 6 months manufacturer warranty for in-box accessories",4.2
37,"IQOO Neo 7 5G (Interstellar Black, 128 GB)","₹30,895",8 GB RAM | 128 GB ROM17.22 cm (6.78 inch) Display64MP Rear Camera5000 mAh Battery12 Months domestic warranty,4.5
38,"vivo Y100A (Metal Black, 256 GB)","₹25,999",8 GB RAM | 256 GB ROM16.21 cm (6.38 inch) Full HD+ Display64MP + 2MP + 2MP | 16MP Front Camera4500 mAh BatterySnapdragon 695 Processor1 Year of Device & 6 Months for Inbox Accessories,4.3
39,"vivo V25 5G (Surfing Blue, 256 GB)","₹29,499",12 GB RAM | 256 GB ROM16.36 cm (6.44 inch) Full HD+ Display64MP + 8MP + 2MP | 50MP Front Camera4500 mAh Lithium BatteryMediatek Dimensity 900 Processor1 Year of Device & 6 Months for In-Box Accessories,4.2
40,"vivo V25 Pro 5G (Sailing Blue, 128 GB)","₹35,999",8 GB RAM | 128 GB ROM16.66 cm (6.56 inch) Full HD+ Display64MP + 8MP + 2MP | 32MP Front Camera4830 mAh Lithium BatteryMediatek Dimensity 1300 ProcessorColor Changing Fluorite AG Glass Design120 Hz 3D Curve Display1 Year on Handset and 6 Months on Accessories,4.3
41,"MOTOROLA Edge 40 (Eclipse Black, 256 GB)","₹29,999",8 GB RAM | 256 GB ROM16.64 cm (6.55 inch) Full HD+ Display50MP + 13MP | 32MP Front Camera4400 mAh BatteryDimensity 8020 ProcessorVegan Leather1 Year Handset and 6 Months Accessories,4.2
42,"IQOO Neo 6 5G (Dark Nova, 128 GB)","₹27,999",8 GB RAM | 128 GB ROM16.81 cm (6.62 inch) Display64MP + 64MP + 8MP + 2MP | 16MP + 16MP Dual Front Camera4700 mAh Battery1 Year,4.4
43,"MOTOROLA Edge 40 (Lunar Blue, 256 GB)","₹29,999",8 GB RAM | 256 GB ROM16.64 cm (6.55 inch) Full HD+ Display50MP + 13MP | 32MP Front Camera4400 mAh BatteryDimensity 8020 ProcessorPMMA Acrylic Glass1 Year Handset and 6 Months Accessories,4.2
44,"SAMSUNG Galaxy A34 5G (Awesome Silver, 128 GB)","₹30,999","8 GB RAM | 128 GB ROM | Expandable Upto 1 TB16.76 cm (6.6 inch) Full HD+ Display48MP + 8MP + 5MP | 13MP Front Camera5000 mAh Li-ion Battery BatteryDimensity 1080, Octa Core Processor1 year manufacturer warranty for device and 6 months manufacturer warranty for in-box accessories",4.2
45,"vivo V23 5G (Stardust Black, 256 GB)","₹29,999",12 GB RAM | 256 GB ROM16.36 cm (6.44 inch) Full HD+ Display64MP + 8MP + 2MP | 50MP + 8MP Dual Front Camera4200 mAh Lithium BatteryMediatek Dimensity 920 Processor1 Year for Handset and 6 Months for Accessories,4.3
46,"vivo V25 5G (Elegant Black, 256 GB)","₹27,499",12 GB RAM | 256 GB ROM16.36 cm (6.44 inch) Full HD+ Display64MP + 8MP + 2MP | 50MP Front Camera4500 mAh Lithium BatteryMediatek Dimensity 900 Processor1 Year of Device & 6 Months for In-Box Accessories,4.2
47,"IQOO Neo 7 5G (Frost Blue, 128 GB)","₹30,119",8 GB RAM | 128 GB ROM17.22 cm (6.78 inch) Display64MP Rear Camera5000 mAh Battery12 Months Domestic Warranty,4.5
48,"vivo V25 5G (Elegant Black, 128 GB)","₹25,387",8 GB RAM | 128 GB ROM16.36 cm (6.44 inch) Full HD+ Display64MP + 8MP + 2MP | 50MP Front Camera4500 mAh Lithium BatteryMediatek Dimensity 900 Processor1 Year of Device & 6 Months for In-Box Accessories,4.3
49,"IQOO Neo 7 5G (Frost Blue, 128 GB)","₹30,119",8 GB RAM | 128 GB ROM17.22 cm (6.78 inch) Display64MP Rear Camera5000 mAh Battery12 Months Domestic Warranty,4.5
50,"realme 11 Pro+ 5G (Astral Black, 256 GB)","₹29,999",12 GB RAM | 256 GB ROM17.02 cm (6.7 inch) Full HD+ Display200MP (OIS) + 8MP + 2MP | 32MP Front Camera5000 mAh BatteryDimensity 7050 Processor1 Year Manufacturer Warranty for Device and 6 Months Manufacturer Warranty for In-Box Accessories,4.3
51,"OnePlus 10R 5G (Prime Blue, 128 GB)","₹29,821",8 GB RAM | 128 GB ROM17.02 cm (6.7 inch) Display5000 mAh Battery1 year manufacturer warranty for device and 6 months manufacturer warranty for in-box accessories including batteries from the date of purchase,4.3
52,"SAMSUNG Galaxy A34 5G (Awesome Graphite, 128 GB)","₹30,999","8 GB RAM | 128 GB ROM | Expandable Upto 1 TB16.76 cm (6.6 inch) Full HD+ Display48MP + 8MP + 5MP | 13MP Front Camera5000 mAh Li-ion Battery BatteryDimensity 1080, Octa Core Processor1 year manufacturer warranty for device and 6 months manufacturer warranty for in-box accessories",4.2
53,"OnePlus 10R (Sierra Black, 128 GB)","₹29,969",8 GB RAM | 128 GB ROM17.02 cm (6.7 inch) Display50MP Rear Camera5000 mAh Battery1 Year Manufacturer Warranty for Handset and 6 Months Warranty for In the Box Accessories,4.3
54,"vivo Y100A (Pacific Blue, 256 GB)","₹25,999",8 GB RAM | 256 GB ROM16.21 cm (6.38 inch) Full HD+ Display64MP + 2MP + 2MP | 16MP Front Camera4500 mAh BatterySnapdragon 695 Processor1 Year of Device & 6 Months for Inbox Accessories,4.3
55,"OPPO F21s Pro 5G (Starlight Black, 128 GB)","₹23,990",8 GB RAM | 128 GB ROM | Expandable Upto 1 TB16.33 cm (6.43 inch) Full HD+ E3 Super AMOLED Display64MP + 2MP + 2MP | 16MP + 2MP Dual Front Camera4500 mAh BatteryQualcomm SM6225 Snapdragon 680 4G (6 nm) Processor12 months,4.2
56,"Infinix Zero Ultra (Genesis Noir, 256 GB)","₹29,999",8 GB RAM | 256 GB ROM17.27 cm (6.8 inch) Full HD+ Display200MP + 13MP + 2MP | 32MP Front Camera4500 mAh Lithium-ion Polymer BatteryMediatek Dimensity 920 Processor1 Year on Handset and 6 Months on Accessories,4.1
57,"vivo V23 5G (Stardust Black, 128 GB)","₹28,999",8 GB RAM | 128 GB ROM16.36 cm (6.44 inch) Full HD+ Display64MP + 8MP + 2MP | 50MP + 8MP Dual Front Camera4200 mAh Lithium BatteryMediatek Dimensity 920 Processor1 Year for Handset and 6 Months for Accessories,4.4
58,"Infinix Zero Ultra (Coslight Silver, 256 GB)","₹29,999",8 GB RAM | 256 GB ROM17.27 cm (6.8 inch) Full HD+ Display200MP + 13MP + 2MP | 32MP Front Camera4500 mAh Lithium-ion Polymer BatteryMediatek Dimensity 920 Processor1 Year on Handset and 6 Months on Accessories,4.1
59,"SAMSUNG Galaxy A34 5G (Awesome Lime, 128 GB)","₹30,999","8 GB RAM | 128 GB ROM | Expandable Upto 1 TB16.76 cm (6.6 inch) Full HD+ Display48MP + 8MP + 5MP | 13MP Front Camera5000 mAh Li-ion Battery BatteryDimensity 1080, Octa Core Processor1 year manufacturer warranty for device and 6 months manufacturer warranty for in-box accessories",4.2
60,"realme GT NEO 2 (NEO Black, 256 GB)","₹29,999",12 GB RAM | 256 GB ROM16.81 cm (6.62 inch) Full HD+ Display64MP + 8MP + 2MP | 16MP Front Camera5000 mAh BatteryQualcomm Snapdragon 870 Processor1 Year Warranty for Mobile and 6 Months for Accessories,4.4
61,"realme GT NEO 2 (NEO Black, 128 GB)","₹25,999",8 GB RAM | 128 GB ROM16.81 cm (6.62 inch) Full HD+ Display64MP + 8MP + 2MP | 16MP Front Camera5000 mAh BatteryQualcomm Snapdragon 870 Processor1 Year Warranty for Mobile and 6 Months for Accessories,4.4
62,"OnePlus 10R 5G (Prime Blue, 128 GB)","₹29,899",8 GB RAM | 128 GB ROM17.02 cm (6.7 inch) Display5000 mAh Battery1 year manufacturer warranty for device and 6 months manufacturer warranty for in-box accessories including batteries from the date of purchase,4.3
63,"vivo Y100 5G (Twilight Gold, 128 GB)","₹23,999",8 GB RAM | 128 GB ROM16.21 cm (6.38 inch) Full HD+ AMOLED Display64MP (OIS) + 2MP + 2MP | 16MP Front Camera4500 mAh BatteryMediatek Dimensity 900 Processor1 Year Manufacturer Warranty for Handset and 6 Months Manufacturer Warranty for In-Box Accessories,4.3
64,"OPPO F21S PRO (Dawnlight Gold, 128 GB)","₹19,490",8 GB RAM | 128 GB ROM | Expandable Upto 1 TB16.33 cm (6.43 inch) Full HD+ Display64MP + 2MP + 2MP | 32MP + 2MP Dual Front Camera4500 mAh BatteryQualcomm SM6225 Snapdragon 680 4G (6 nm) Processor12MONTH,4.1
65,"vivo Y100 5G (Metal Black, 128 GB)","₹25,999",8 GB RAM | 128 GB ROM16.21 cm (6.38 inch) Full HD+ AMOLED Display64MP (OIS) + 2MP + 2MP | 16MP Front Camera4500 mAh BatteryMediatek Dimensity 900 Processor1 Year Manufacturer Warranty for Handset and 6 Months Manufacturer Warranty for In-Box Accessories,4.3
66,"realme GT NEO 2 (NEO Blue, 256 GB)","₹29,999",12 GB RAM | 256 GB ROM16.81 cm (6.62 inch) Full HD+ Display64MP + 8MP + 2MP | 16MP Front Camera5000 mAh BatteryQualcomm Snapdragon 870 Processor1 Year Warranty for Mobile and 6 Months for Accessories,4.4
67,"OPPO Reno8 5G (Shimmer Gold, 128 GB)","₹29,999",8 GB RAM | 128 GB ROM16.33 cm (6.43 inch) Full HD Display50MP + 8MP + 2MP | 32MP Front Camera4500 mAh Lithium-ion Polymer BatteryMediatek Dimensity 1300 Processor1 Year Warranty for Phone and 6 Months Warranty for In-Box Accessories,4.3
68,"OPPO Reno8 5G (Shimmer Black, 128 GB)","₹29,999",8 GB RAM | 128 GB ROM16.33 cm (6.43 inch) Full HD Display50MP + 8MP + 2MP | 32MP Front Camera4500 mAh Lithium-ion Polymer BatteryMediatek Dimensity 1300 Processor1 Year Warranty for Phone and 6 Months Warranty for In-Box Accessories,4.3
69,"realme GT NEO 2 (NEO Blue, 128 GB)","₹25,999",8 GB RAM | 128 GB ROM16.81 cm (6.62 inch) Full HD+ Display64MP + 8MP + 2MP | 16MP Front Camera5000 mAh BatteryQualcomm Snapdragon 870 Processor1 Year Warranty for Mobile and 6 Months for Accessories,4.4
70,"vivo V25 Pro 5G (sailing blue, 128 GB)","₹30,495",8 GB RAM | 128 GB ROM16.66 cm (6.56 inch) Full HD+ Display64MP + 8MP + 2MP | 32MP Front Camera4830 mAh BatteryMediatek Dimensity 1300 Processor1 Year on Handset and 6 Months on Accessories,4.3
71,"OnePlus Nord (Gray Onyx, 256 GB)","₹27,990",12 GB RAM | 256 GB ROM16.36 cm (6.44 inch) Full HD+ Display48MP + 8MP | 32MP + 8MP Dual Front Camera4115 mAh BatteryQualcomm® Snapdragon™ 765G Processor1 Year,4
72,"OnePlus 7 (Red, 256 GB)","₹27,999",8 GB RAM | 256 GB ROM16.28 cm (6.41 inch) Display48 MP + 5 MP | 16MP Front Camera3700 mAh Battery1 year manufacturer warranty for device and 6 months manufacturer warranty for in-box accessories including batteries from the date of purchase,4.6
73,"OnePlus Nord (Gray Onyx, 256 GB)","₹27,990",12 GB RAM | 256 GB ROM16.36 cm (6.44 inch) Full HD+ Display48MP + 8MP | 32MP + 8MP Dual Front Camera4115 mAh BatteryQualcomm® Snapdragon™ 765G Processor1 Year,4
74,"vivo V25 Pro 5G (sailing blue, 128 GB)","₹30,495",8 GB RAM | 128 GB ROM16.66 cm (6.56 inch) Full HD+ Display64MP + 8MP + 2MP | 32MP Front Camera4830 mAh BatteryMediatek Dimensity 1300 Processor1 Year on Handset and 6 Months on Accessories,4.3
75,"SAMSUNG Galaxy S20 FE (Cloud Mint, 128 GB)","₹27,600",8 GB RAM | 128 GB ROM16.51 cm (6.5 inch) Display12MP Rear Camera4500 mAh Battery1 year manufacturer warranty for device and 6 months manufacturer warranty for in-box accessories including batteries from the date of purchase,4
76,"Mi 10T (Cosmic Black, 128 GB)","₹37,999",8 GB RAM | 128 GB ROM16.94 cm (6.67 inch) Full HD+ Display64MP + 13MP + 5MP | 20MP Front Camera5000 mAh Li-ion Polymer BatteryQualcomm Snapdragon 865 Processor144Hz Intelligent AdaptiveSync Display33W Dual Split Flash Charge1 Year Manufacturer Warranty for Device and 6 Months Manufacturer Warranty for In-box Accessories,4.1
77,"SAMSUNG Galaxy S20 FE (Cloud Lavender, 128 GB)","₹29,500",8 GB RAM | 128 GB ROM | Expandable Upto 1 TB16.51 cm (6.5 inch) Full HD+ Display12MP + 12MP + 8MP Rear Camera | 32MP Front Camera4500 mAh Lithium Ion BatteryExynos Octa Core ProcessorSuper AMOLED Display | 120 Hz RateIP68 Rating1 Year Warranty Provided by the Manufacturer from Date of Purchase,4
78,"OPPO F21S PRO (Dawnlight Gold, 128 GB)","₹19,490",8 GB RAM | 128 GB ROM | Expandable Upto 1 TB16.33 cm (6.43 inch) Full HD+ Display64MP + 2MP + 2MP | 32MP + 2MP Dual Front Camera4500 mAh BatteryQualcomm SM6225 Snapdragon 680 4G (6 nm) Processor12MONTH,4.1
79,"realme GT NEO 2 (NEO Blue, 128 GB)","₹25,999",8 GB RAM | 128 GB ROM16.81 cm (6.62 inch) Full HD+ Display64MP + 8MP + 2MP | 16MP Front Camera5000 mAh BatteryQualcomm Snapdragon 870 Processor1 Year Warranty for Mobile and 6 Months for Accessories,4.4
80,"Mi 10T Pro (Cosmic Black, 128 GB)","₹47,999",8 GB RAM | 128 GB ROM16.94 cm (6.67 inch) Full HD+ Display108MP + 13MP + 5MP | 20MP Front Camera5000 mAh Li-ion Polymer BatteryQualcomm Snapdragon 865 Processor144Hz Intelligent AdaptiveSync Display33W Dual Split Flash Charge1 Year Manufacturer Warranty for Device and 6 Months Manufacturer Warranty for In-box Accessories,4.2
81,"POCO X3 Pro (Golden Bronze, 128 GB)","₹25,999","8 GB RAM | 128 GB ROM | Expandable Upto 1 TB16.94 cm (6.67 inch) Full HD+ Display48MP + 8MP + 2MP + 2MP | 20MP Front Camera5160 mAh Lithium-ion Polymer BatteryQualcomm Snapdragon 860 ProcessorMultiple Hands-free Voice AssistantsOne Year Warranty for Handset, 6 Months for Accessories",4.3
82,"Xiaomi 11i 5G (Purple Mist, 128 GB)","₹26,999",8 GB RAM | 128 GB ROM | Expandable Upto 1 TB16.94 cm (6.67 inch) Full HD+ AMOLED Display108MP Rear Camera | 16MP Front Camera5160 mAh Li-Polymer BatteryMediatek Dimensity 920 Processor1 Year Manufacturer Warranty for Phone and 6 Months Warranty for in the Box Accessories,4.2
83,"Xiaomi 11Lite NE (Diamond Dazzle, 128 GB)","₹24,990",8 GB RAM | 128 GB ROM | Expandable Upto 1 TB16.64 cm (6.55 inch) Full HD+ Display64MP + 8MP + 5MP | 20MP Front Camera4250 mAh BatteryQualcomm Snapdragon 778G ProcessorBrand Warranty of 1 Year Available for Mobile and 6 Months for Accessories,4.2
84,"OnePlus 10R (Forest Green, 128 GB)","₹29,900",8 GB RAM | 128 GB ROM17.02 cm (6.7 inch) Display50MP Rear Camera5000 mAh Battery1 Year Manufacturer Warranty for Handset and 6 Months Warranty for In the Box Accessories,4.3
85,"Mi 11X (Cosmic Black, 128 GB)","₹23,877",6 GB RAM | 128 GB ROM16.94 cm (6.67 inch) Full HD+ Display48MP + 8MP + 5MP | 20MP Front Camera4520 mAh BatteryQualcomm Snapdragon 870 Processor1 Year Manufacturer Warranty for Device and 6 Months Manufacturer Warranty for In-box Accessories,4.2
86,"Mi 11X Pro 5G (Lunar White, 128 GB)","₹27,990",8 GB RAM | 128 GB ROM16.94 cm (6.67 inch) Full HD+ Display108MP + 8MP + 5MP | 20MP Front Camera4520 mAh BatteryQualcomm Snapdragon 888 Processor1 Year Manufacturer Warranty for Device and 6 Months Manufacturer Warranty for In-box Accessories,4
87,"vivo V21 5G (Dusk Blue, 128 GB)","₹27,990",8 GB RAM | 128 GB ROM16.36 cm (6.44 inch) Full HD+ Display64MP + 8MP + 2MP | 44MP Front Camera4000 mAh Lithium-ion BatteryMediaTek Dimensity 800U ProcessorAMOLED Display1 Year for Handset and 6 Months for In-box Accessories,4.3
88,"SAMSUNG Galaxy A23 (Blue, 128 GB)","₹19,990",8 GB RAM | 128 GB ROM | Expandable Upto 1 TB16.76 cm (6.6 inch) Full HD+ Display50MP Rear Camera | 8MP Front Camera5000 mAh Li-Ion BatteryOcta-core(EXYNOS) Processor1 year manufacturer warranty for device and 6 months manufacturer warranty for in-box,4.3
89,"SAMSUNG Galaxy A23 5G (Light Blue, 128 GB)","₹23,999",8 GB RAM | 128 GB ROM | Expandable Upto 1 TB16.76 cm (6.6 inch) Full HD+ Display50MP + 5MP | 8MP Front Camera5000 mAh Lithium Ion BatteryQualcomm Snapdragon 695 (SM6375) Processor1 Year Manufacturer Warranty for Device and 6 Months Manufacturer Warranty for In-Box Accessories,3.8
90,"IQOO Neo 6 5G (Dark Nova, 128 GB)","₹27,990",8 GB RAM | 128 GB ROM16.81 cm (6.62 inch) Display64MP Rear Camera4700 mAh Battery1 Year,4.4
91,"SAMSUNG Galaxy A23 5G (Silver, 128 GB)","₹23,999",8 GB RAM | 128 GB ROM | Expandable Upto 1 TB16.76 cm (6.6 inch) Full HD+ Display50MP + 5MP | 8MP Front Camera5000 mAh Lithium Ion BatteryQualcomm Snapdragon 695 (SM6375) Processor1 Year Manufacturer Warranty for Device and 6 Months Manufacturer Warranty for In-Box Accessories,3.8
92,"POCO F4 5G (Nebula Green, 128 GB)","₹27,999",8 GB RAM | 128 GB ROM16.94 cm (6.67 inch) Full HD+ Display64MP + 8MP + 2MP | 20MP Front Camera4500 mAh Lithium-ion Polymer BatteryQualcomm Snapdragon 870 Processor2 Years Brand Warranty,4.3
93,"SAMSUNG Galaxy A34 5G (Awesome Violet, 128 GB)","₹30,999","6 GB RAM | 128 GB ROM | Expandable Upto 1 TB16.76 cm (6.6 inch) Full HD+ Display48MP + 8MP + 5MP | 13MP Front Camera5000 mAh Li-ion Battery BatteryDimensity 1080, Octa Core Processor1 year manufacturer warranty for device and 6 months manufacturer warranty for in-box accessories",4.5
94,"vivo Y100 A 5G (Metal Black, 256 GB)","₹26,499",8 GB RAM | 256 GB ROM | Expandable Upto 1 TB16.21 cm (6.38 inch) Full HD+ AMOLED Display64MP + 2MP + 2MP | 16MP Front Camera4500 mAh BatteryMediatek Dimensity 900 Processor1 Year Manufacturer Warranty for Handset and 6 Months Manufacturer Warranty for In-Box Accessorie,3.9
95,"POCO F4 5G (Night Black, 128 GB)","₹27,999",6 GB RAM | 128 GB ROM16.94 cm (6.67 inch) Full HD+ Display64MP + 8MP + 2MP | 20MP Front Camera4500 mAh Lithium-ion Polymer BatteryQualcomm Snapdragon 870 Processor2 Years Brand Warranty,4.3
96,"realme 11 Pro+ 5G (Sunrise Beige, 256 GB)","₹29,999",12 GB RAM | 256 GB ROM17.02 cm (6.7 inch) Full HD+ Display200MP (OIS) + 8MP + 2MP | 32MP Front Camera5000 mAh BatteryDimensity 7050 Processor1 Year Manufacturer Warranty for Device and 6 Months Manufacturer Warranty for In-Box Accessories,4.3
97,"OnePlus 7T (Frosted Silver, 128 GB)","₹28,990",8 GB RAM | 128 GB ROM16.64 cm (6.55 inch) Display48 MP + 12 MP + 16 MP | 16MP Front Camera3800 mAh BatteryQualcomm® Snapdragon™ 855 Plus Processor1 year manufacturer warranty for device and 6 months manufacturer warranty for in-box accessories including batteries from the date of purchase,4.6
98,"OnePlus Nord (Gray Onyx, 128 GB)","₹24,990",8 GB RAM | 128 GB ROM16.36 cm (6.44 inch) Full HD+ Display48MP + 8MP | 32MP + 8MP Dual Front Camera4115 mAh BatteryQualcomm® Snapdragon™ 765G Processor1 Year,4.1
99,"POCO F4 5G (Night Black, 128 GB)","₹27,999",8 GB RAM | 128 GB ROM16.94 cm (6.67 inch) Full HD+ Display64MP + 8MP + 2MP | 20MP Front Camera4500 mAh Lithium-ion Polymer BatteryQualcomm Snapdragon 870 Processor2 Years Brand Warranty,4.3
100,"SAMSUNG Galaxy A23 5G (Orange, 128 GB)","₹23,999",8 GB RAM | 128 GB ROM | Expandable Upto 1 TB16.76 cm (6.6 inch) Full HD+ Display50MP + 5MP | 8MP Front Camera5000 mAh Lithium Ion BatteryQualcomm Snapdragon 695 (SM6375) Processor1 Year Manufacturer Warranty for Device and 6 Months Manufacturer Warranty for In-Box Accessories,3.8
101,"vivo Y100 A 5G (Pacific Blue, 256 GB)","₹26,499",8 GB RAM | 256 GB ROM | Expandable Upto 1 TB16.21 cm (6.38 inch) Full HD+ AMOLED Display64MP + 2MP + 2MP | 16MP Front Camera4500 mAh BatteryMediatek Dimensity 900 Processor1 Year Manufacturer Warranty for Handset and 6 Months Manufacturer Warranty for In-Box Accessories,3.9
102,"vivo Y100 A 5G (Twilight Gold, 256 GB)","₹26,499",8 GB RAM | 256 GB ROM | Expandable Upto 1 TB16.21 cm (6.38 inch) Full HD+ AMOLED Display64MP + 2MP + 2MP | 16MP Front Camera4500 mAh BatteryMediatek Dimensity 900 Processor1 Year Manufacturer Warranty for Handset and 6 Months Manufacturer Warranty for In-Box Accessorie,3.9
103,"OPPO Reno6 5G (Stellar Black, 128 GB)","₹29,990",8 GB RAM | 128 GB ROM16.33 cm (6.43 inch) Full HD+ Display64MP + 8MP + 2MP | 32MP Front Camera4300 mAh Lithium-ion Polymer BatteryMediaTek Dimensity 900 Processor65W SuperVOOC 2.0 Charging90Hz AMOLED DisplayBokeh Flare Portrait Video | OPPO Reno Glow 2.0 | Ultra-slim Retro DesignBrand Warranty of 1 Year Available for Mobile Including Battery and 6 Months for Accessories,4.3
104,"OPPO F19 Pro+ 5G (Fluid Black, 128 GB)","₹29,800",8 GB RAM | 128 GB ROM | Expandable Upto 256 GB16.33 cm (6.43 inch) Full HD+ Display48MP + 8MP + 2MP + 2MP | 16MP Front Camera4310 mAh Lithium-ion Polymer BatteryMediaTek Dimensity 800U ProcessorBrand Warranty of 1 Year Available for Mobile Including Battery and 6 Months for Accessories,4.4
105,"realme 11 Pro+ 5G (Oasis Green, 256 GB)","₹27,999",8 GB RAM | 256 GB ROM17.02 cm (6.7 inch) Full HD+ Display200MP (OIS) + 8MP + 2MP | 32MP Front Camera5000 mAh BatteryDimensity 7050 Processor1 Year Manufacturer Warranty for Device and 6 Months Manufacturer Warranty for In-Box Accessories,4.3
106,"realme 11 Pro+ 5G (Oasis Green, 256 GB)","₹29,999",12 GB RAM | 256 GB ROM17.02 cm (6.7 inch) Full HD+ Display200MP (OIS) + 8MP + 2MP | 32MP Front Camera5000 mAh BatteryDimensity 7050 Processor1 Year Manufacturer Warranty for Device and 6 Months Manufacturer Warranty for In-Box Accessories,4.3
107,"OPPO F21s Pro (Starlight Black, 128 GB)","₹20,790",8 GB RAM | 128 GB ROM | Expandable Upto 1 TB16.33 cm (6.43 inch) Full HD+ Display64MP + 2MP + 2MP | 32MP + 2MP Dual Front Camera4500 mAh BatteryQualcomm SM6225 Snapdragon 680 4G (6 nm) Processor12MONTH,4.1
108,"OPPO F19 Pro+ 5G (Space Silver, 128 GB)","₹19,990",8 GB RAM | 128 GB ROM | Expandable Upto 256 GB16.33 cm (6.43 inch) Full HD+ Display48MP + 8MP + 2MP + 2MP | 16MP Front Camera4310 mAh Lithium-ion Polymer BatteryMediaTek Dimensity 800U ProcessorBrand Warranty of 1 Year Available for Mobile Including Battery and 6 Months for Accessories,4.4
109,"realme 11 Pro+ 5G (Astral Black, 256 GB)","₹29,999",12 GB RAM | 256 GB ROM17.02 cm (6.7 inch) Full HD+ Display200MP (OIS) + 8MP + 2MP | 32MP Front Camera5000 mAh BatteryDimensity 7050 Processor1 Year Manufacturer Warranty for Device and 6 Months Manufacturer Warranty for In-Box Accessories,4.3
110,"realme 11 Pro+ 5G (Sunrise Beige, 256 GB)","₹27,999",8 GB RAM | 256 GB ROM17.02 cm (6.7 inch) Full HD+ Display200MP (OIS) + 8MP + 2MP | 32MP Front Camera5000 mAh BatteryDimensity 7050 Processor1 Year Manufacturer Warranty for Device and 6 Months Manufacturer Warranty for In-Box Accessories,4.3
111,"SAMSUNG Galaxy A33 (Awesome Blue, 128 GB)","₹27,990",8 GB RAM | 128 GB ROM | Expandable Upto 1 TB16.26 cm (6.4 inch) Full HD+ Display48MP + 8MP + 5MP + 2MP | 13MP Front Camera5000 mAh Li-ion BatteryExynos 1280 Processor1 Year Manufacturer Warranty for Device and 6 Months Manufacturer Warranty for In-Box,4.1
112,"SAMSUNG Galaxy A52 (Awesome Blue, 128 GB)","₹26,990",8 GB RAM | 128 GB ROM | Expandable Upto 1 TB16.51 cm (6.5 inch) Full HD+ Display64MP + 12MP + 5MP + 5MP | 32MP Front Camera4500 mAh Lithium-ion BatteryQualcomm Snapdragon 720G Processor1 Year Warranty Provided by the Manufacturer from Date of Purchase,4.3
113,"realme 11 Pro+ 5G (Astral Black, 256 GB)","₹27,999",8 GB RAM | 256 GB ROM17.02 cm (6.7 inch) Full HD+ Display200MP (OIS) + 8MP + 2MP | 32MP Front Camera5000 mAh BatteryDimensity 7050 Processor1 Year Manufacturer Warranty for Device and 6 Months Manufacturer Warranty for In-Box Accessories,4.3
114,"OnePlus 10R (Forest Green, 128 GB)","₹29,821",8 GB RAM | 128 GB ROM17.02 cm (6.7 inch) Display50MP Rear Camera5000 mAh Battery1 Year Manufacturer Warranty for Handset and 6 Months Warranty for In the Box Accessories,4.3
115,"OnePlus 10R (Sierra Black, 128 GB)","₹29,740",8 GB RAM | 128 GB ROM17.02 cm (6.7 inch) Display50MP Rear Camera5000 mAh Battery1 Year Manufacturer Warranty for Handset and 6 Months Warranty for In the Box Accessories,4.3
116,"vivo V25 pro (Pure Black, 128 GB)","₹28,945",8 GB RAM | 128 GB ROM16.66 cm (6.56 inch) Display64MP Rear Camera4830 mAh BatteryDomestic 1 Year on Handset and 6 Months on Accessories,4.3
117,"vivo Y100A 5G (Twilight Gold, 128 GB)","₹24,449",8 GB RAM | 128 GB ROM16.21 cm (6.38 inch) Full HD+ AMOLED Display64MP + 2MP + 2MP | 16MP + 2MP Dual Front Camera4500 mAh BatterySnapdragon 695 Processor1 Year Manufacturer Warranty for Handset and 6 Months Manufacturer Warranty for In-Box Accessories,4.1
118,"vivo V25 (Elegant Black, 128 GB)","₹25,990",8 GB RAM | 128 GB ROM16.36 cm (6.44 inch) Display64MP Rear Camera4500 mAh BatteryDomestic 1 Year of Device & 6 Months for In-Box Accessories,4.3
119,"SAMSUNG Galaxy A33 (Awesome Peach, 128 GB)","₹27,999",6 GB RAM | 128 GB ROM | Expandable Upto 1 TB16.26 cm (6.4 inch) Full HD+ Display48MP + 8MP + 5MP + 2MP | 13MP Front Camera5000 mAh Li-ion BatteryExynos 1280 Processor1 Year Manufacturer Warranty for Device and 6 Months Manufacturer Warranty for In-Box,4.3
120,"realme 11 Pro+ 5G (Astral Black, 256 GB)","₹27,999",8 GB RAM | 256 GB ROM17.02 cm (6.7 inch) Full HD+ Display200MP (OIS) + 8MP + 2MP | 32MP Front Camera5000 mAh BatteryDimensity 7050 Processor1 Year Manufacturer Warranty for Device and 6 Months Manufacturer Warranty for In-Box Accessories,4
121,"vivo V25 pro (Pure Black, 128 GB)","₹28,945",8 GB RAM | 128 GB ROM16.66 cm (6.56 inch) Display64MP Rear Camera4830 mAh BatteryDomestic 1 Year on Handset and 6 Months on Accessories,4.2
122,"OnePlus 10R (Sierra Black, 128 GB)","₹29,740",8 GB RAM | 128 GB ROM17.02 cm (6.7 inch) Display50MP Rear Camera5000 mAh Battery1 Year Manufacturer Warranty for Handset and 6 Months Warranty for In the Box Accessories,4.3
123,"SAMSUNG Galaxy S20 FE (Cloud Navy, 128 GB)","₹28,200",8 GB RAM | 128 GB ROM16.51 cm (6.5 inch) Display12MP Rear Camera4500 mAh Battery12 months,4.1
124,"OPPO F21s Pro 5G (Dawnlight Gold, 128 GB)","₹31,999",8 GB RAM | 128 GB ROM | Expandable Upto 1 TB16.33 cm (6.43 inch) Full HD+ E3 Super AMOLED Display64MP + 64MP + 2MP + 2MP | 16MP Dual Front Camera4500 mAh Battery12 months,4.2
125,"vivo Y100A 5G (Twilight Gold, 128 GB)","₹24,449",8 GB RAM | 128 GB ROM16.21 cm (6.38 inch) Full HD+ AMOLED Display64MP + 2MP + 2MP | 16MP + 2MP Dual Front Camera4500 mAh BatterySnapdragon 695 Processor1 Year Manufacturer Warranty for Handset and 6 Months Manufacturer Warranty for In-Box Accessories,4.3
126,"vivo V25 (Elegant Black, 128 GB)","₹25,990",8 GB RAM | 128 GB ROM16.36 cm (6.44 inch) Display64MP Rear Camera4500 mAh BatteryDomestic 1 Year of Device & 6 Months for In-Box Accessories,4.3
127,"OnePlus 10R (Forest Green, 128 GB)","₹29,822",8 GB RAM | 128 GB ROM17.02 cm (6.7 inch) Display50MP Rear Camera5000 mAh Battery1 Year Manufacturer Warranty for Handset and 6 Months Warranty for In the Box Accessories,4.1
128,"SAMSUNG Galaxy A33 (Awesome Peach, 128 GB)","₹27,999",6 GB RAM | 128 GB ROM | Expandable Upto 1 TB16.26 cm (6.4 inch) Full HD+ Display48MP + 8MP + 5MP + 2MP | 13MP Front Camera5000 mAh Li-ion BatteryExynos 1280 Processor1 Year Manufacturer Warranty for Device and 6 Months Manufacturer Warranty for In-Box,4.1
129,"MOTOROLA Edge 40 (Viva Magenta, 256 GB)","₹29,999",8 GB RAM | 256 GB ROM16.64 cm (6.55 inch) Full HD+ Display50MP + 13MP | 32MP Front Camera4400 mAh BatteryDimensity 8020 Processor1 Year Handset and 6 Months Accessories,4
130,"POCO F4 5G (Night Black, 128 GB)","₹27,999",6 GB RAM | 128 GB ROM16.94 cm (6.67 inch) Full HD+ Display64MP + 8MP + 2MP | 20MP Front Camera4500 mAh Lithium-ion Polymer BatteryQualcomm Snapdragon 870 Processor2 Years Brand Warranty,4
131,"SAMSUNG Galaxy A23 (Black, 128 GB)","₹23,900",8 GB RAM | 128 GB ROM | Expandable Upto 1 TB16.76 cm (6.6 inch) Full HD+ Display50MP Rear Camera | 8MP Front Camera5000 mAh Li-Ion BatteryOcta-core(EXYNOS) Processor1 year manufacturer warranty for device and 6 months manufacturer warranty for in-box,4.3
132,"SAMSUNG M53 5G (Mystique Green, 128 GB)","₹26,999",6 GB RAM | 128 GB ROM17.02 cm (6.7 inch) Display108MP Rear Camera5000 mAh Battery12 MONTHS,4.3
133,"SAMSUNG Galaxy A33 (Awesome Black, 128 GB)","₹27,999",6 GB RAM | 128 GB ROM | Expandable Upto 1 TB16.26 cm (6.4 inch) Full HD+ Display48MP + 8MP + 5MP + 2MP | 13MP Front Camera5000 mAh Li-ion BatteryExynos 1280 Processor1 Year Manufacturer Warranty for Device and 6 Months Manufacturer Warranty for In-Box,4.4
134,"SAMSUNG Galaxy S20 FE (Cloud Mint, 128 GB)","₹74,999",8 GB RAM | 128 GB ROM16.51 cm (6.5 inch) Display12MP Rear Camera4500 mAh Battery1 year manufacturer warranty for device and 6 months manufacturer warranty for in-box accessories including batteries from the date of purchase,4.2
135,"Xiaomi 11T Pro 5G Hyperphone (Moonlight White, 128 GB)","₹29,999",8 GB RAM | 128 GB ROM16.94 cm (6.67 inch) Display108MP Rear Camera5000 mAh Battery12 months,4
136,"SAMSUNG Galaxy A23 (Peach, 128 GB)","₹19,999",8 GB RAM | 128 GB ROM | Expandable Upto 1 TB16.76 cm (6.6 inch) Full HD+ Display50MP Rear Camera | 8MP Front Camera5000 mAh Li-Ion BatteryOcta-core(EXYNOS) Processor1 year manufacturer warranty for device and 6 months manufacturer warranty for in-box,4.5
137,"POCO F4 5G (Nebula Green, 128 GB)","₹27,999",6 GB RAM | 128 GB ROM16.94 cm (6.67 inch) Full HD+ Display64MP + 8MP + 2MP | 20MP Front Camera4500 mAh Lithium-ion Polymer BatteryQualcomm Snapdragon 870 Processor2 Years Brand Warranty,4.4
138,"OnePlus Nord 2T 5G (Gray Shadow, 128 GB)","₹27,979",8 GB RAM | 128 GB ROM17.02 cm (6.7 inch) Display50MP Rear Camera4500 mAh Battery12 Month,4
139,"Xiaomi 11i 5G (Stealth Black, 128 GB)","₹26,999",8 GB RAM | 128 GB ROM | Expandable Upto 1 TB16.94 cm (6.67 inch) Full HD+ AMOLED Display108MP Rear Camera | 16MP Front Camera5160 mAh Li-Polymer BatteryMediatek Dimensity 920 Processor1 Year Manufacturer Warranty for Phone and 6 Months Warranty for in the Box Accessories,4.1
140,"Mi 11X Pro 5G (Celestial Silver, 128 GB)","₹29,489",8 GB RAM | 128 GB ROM16.94 cm (6.67 inch) Full HD+ Display108MP + 8MP + 5MP | 20MP Front Camera4520 mAh BatteryQualcomm Snapdragon 888 Processor1 Year Manufacturer Warranty for Device and 6 Months Manufacturer Warranty for In-box Accessories,4.2
141,"vivo V15 (Frozen Black, 64 GB)","₹26,990",6 GB RAM | 64 GB ROM | Expandable Upto 256 GB16.59 cm (6.53 inch) Full HD+ Display12MP + 5MP + 8MP | 32MP Front Camera4000 mAh Li-ion BatteryMTK Helio P70 ProcessorBrand Warranty of 1 Year Available for Mobile and 6 Months for Accessories,4.5
142,"OPPO F23 5G (Cool Black, 256 GB)","₹25,000",8 GB RAM | 256 GB ROM17.07 cm (6.72 inch) Full HD+ Display64MP + 2MP + 2MP | 32MP Front Camera5000 mAh BatteryQualcomm Snapdragon™ 695 (SDM 695) Processor12 Months,4.6
143,"Mi 11X Pro 5G (Cosmic Black, 128 GB)","₹28,190",8 GB RAM | 128 GB ROM16.94 cm (6.67 inch) Full HD+ Display108MP + 8MP + 5MP | 20MP Front Camera4520 mAh BatteryQualcomm Snapdragon 888 Processor1 Year Manufacturer Warranty for Device and 6 Months Manufacturer Warranty for In-box Accessories,4.5
144,"SAMSUNG Galaxy F54 5G (Stardust Silver, 256 GB)","₹29,999",8 GB RAM | 256 GB ROM | Expandable Upto 1 TB17.02 cm (6.7 inch) Full HD+ Display108MP + 8MP + 2MP | 32MP Front Camera6000 mAh BatteryOcta Core Processor1 Year Manufacturer Warranty for Device and 6 Months Manufacturer Warranty for In-Box Accessories,4.4
145,"Mi 10T (Lunar Silver, 128 GB)","₹26,290",6 GB RAM | 128 GB ROM16.94 cm (6.67 inch) Full HD+ Display64MP + 13MP + 5MP | 20MP Front Camera5000 mAh Li-ion Polymer BatteryQualcomm Snapdragon 865 Processor144Hz Intelligent AdaptiveSync Display33W Dual Split Flash Charge1 Year Manufacturer Warranty for Device and 6 Months Manufacturer Warranty for In-box Accessories,4.1
146,"vivo V17 (Midnight Ocean Black, 128 GB)","₹27,990",8 GB RAM | 128 GB ROM | Expandable Upto 256 GB16.36 cm (6.44 inch) Full HD+ Display48MP + 8MP + 2MP + 2MP | 32MP Front Camera4500 mAh Li-ion BatteryQualcomm Snapdragon 675AIE ProcessorFHD+ E3 Super Amoled DisplayBrand Warranty of 1 Year Available for Mobile and 6 Months for Accessories,4.4
147,"OnePlus 7T (Glacier Blue, 128 GB)","₹28,990",8 GB RAM | 128 GB ROM16.64 cm (6.55 inch) Display48 MP + 12 MP + 16 MP | 16MP Front Camera3800 mAh BatteryQualcomm® Snapdragon™ 855 Plus Processor1 year manufacturer warranty for device and 6 months manufacturer warranty for in-box accessories including batteries from the date of purchase,4.5
148,"vivo V17 (Glacier ice white, 128 GB)","₹27,990",8 GB RAM | 128 GB ROM | Expandable Upto 256 GB16.36 cm (6.44 inch) Full HD+ Display48MP + 8MP + 2MP + 2MP | 32MP Front Camera4500 mAh Li-ion BatteryQualcomm Snapdragon 675AIE ProcessorFHD+ E3 Super Amoled DisplayBrand Warranty of 1 Year Available for Mobile and 6 Months for Accessories,4.4
149,"OPPO F23 5G (Bold Gold, 256 GB)","₹24,999",8 GB RAM | 256 GB ROM | Expandable Upto 1 TB17.07 cm (6.72 inch) Full HD+ Display64MP + 2MP + 2MP | 32MP Front Camera5000 mAh BatteryQualcomm Snapdragon™ 695 (SDM 695) Processor12 Months,4
150,"SAMSUNG Galaxy A33 (Awesome Peach, 128 GB)","₹28,999",8 GB RAM | 128 GB ROM | Expandable Upto 1 TB16.26 cm (6.4 inch) Full HD+ Display48MP + 8MP + 5MP + 2MP | 13MP Front Camera5000 mAh Li-ion BatteryExynos 1280 Processor1 Year Manufacturer Warranty for Device and 6 Months Manufacturer Warranty for In-Box,4.5
151,"APPLE iPhone 5s (Space Grey, 16 GB)","₹25,000",16 GB ROM10.16 cm (4 inch) Retina Display8MP Rear Camera | 1.2MP Front CameraApple A7 64-bit processor and M7 Motion Co-processor1 Year Manufacturer Warranty,4
152,"vivo V11 Pro (Starry Night Black, 64 GB)","₹28,990",6 GB RAM | 64 GB ROM | Expandable Upto 256 GB16.28 cm (6.41 inch) Full HD+ Display12MP + 5MP | 25MP Front Camera3400 mAh Li-ion Battery2.0 GHz Qualcomm Snapdragon 660 AIE ProcessorBrand Warranty of 1 Year Available for Mobile and 6 Months for Accessories,4.4
153,"APPLE iPhone 5s (Silver, 16 GB)","₹25,000",16 GB ROM10.16 cm (4 inch) Retina Display8MP Rear Camera | 1.2MP Front CameraApple A7 64-bit processor and M7 Motion Co-processor1 Year Manufacturer Warranty,4.5
154,"OnePlus Nord (Gray Ash, 256 GB)","₹27,990",12 GB RAM | 256 GB ROM16.36 cm (6.44 inch) Full HD+ Display48MP + 48MP + 8MP | 32MP Front Camera4115 mAh BatteryQualcomm® Snapdragon™ 765G Processor1 Year Brand Warranty,4.5
155,"SAMSUNG Galaxy A34 5G (Awesome Silver, 128 GB)","₹29,990","6 GB RAM | 128 GB ROM | Expandable Upto 1 TB16.76 cm (6.6 inch) Full HD+ Display48MP + 8MP + 5MP | 13MP Front Camera5000 mAh Li-ion Battery BatteryDimensity 1080, Octa Core Processor1 year manufacturer warranty for device and 6 months manufacturer warranty for in-box accessories",4.3
156,"OnePlus 6T McLaren Edition (Speed Orange, 256 GB)","₹26,990",10 GB RAM | 256 GB ROM16.28 cm (6.41 inch) Display20MP + 16MP + 20MP | 16MP Front Camera3300 mAh Battery1 Year Brand Warranty,4.2
157,"SAMSUNG Galaxy S20 FE (Cloud Navy, 128 GB)","₹74,999",8 GB RAM | 128 GB ROM | Expandable Upto 1 TB16.51 cm (6.5 inch) Full HD+ Display12MP + 12MP + 8MP Rear Camera | 32MP Front Camera4500 mAh Lithium Ion BatteryExynos Octa Core ProcessorSuper AMOLED Display | 120 Hz RateIP68 Rating1 Year Warranty Provided by the Manufacturer from Date of Purchase,4.5
158,"APPLE iPhone 6 (Gold, 32 GB)","₹28,130",32 GB ROM11.94 cm (4.7 inch) Retina HD Display8MP Rear Camera | 1.2MP Front CameraA8 Chip with 64-bit Architecture and M8 Motion Co-processorBrand Warranty of 1 Year,4.5
159,"Redmi K20 Pro (Flame Red, 128 GB)","₹28,999",6 GB RAM | 128 GB ROM16.23 cm (6.39 inch) Full HD+ Display48MP + 13MP + 8MP | 20MP Front Camera4000 mAh Li-polymer BatteryQualcomm Snapdragon 855 ProcessorBrand Warranty of 1 Year Available for Mobile and 6 Months for Accessories,4.4
160,"SAMSUNG Galaxy A34 5G (Awesome Graphite, 128 GB)","₹29,990","6 GB RAM | 128 GB ROM | Expandable Upto 1 TB16.76 cm (6.6 inch) Full HD+ Display48MP + 8MP + 5MP | 13MP Front Camera5000 mAh Li-ion Battery BatteryDimensity 1080, Octa Core Processor1 year manufacturer warranty for device and 6 months manufacturer warranty for in-box accessories",4.5
161,"vivo V25 pro (Sailing Blue, 128 GB)","₹28,839",8 GB RAM | 128 GB ROM16.66 cm (6.56 inch) Full HD+ Display64MP + 8MP + 2MP | 32MP Front Camera4830 mAh BatteryMediatek Dimensity 1300 Processor1 Year on Handset and 6 Months on Accessories,4.3
162,"SAMSUNG Galaxy M52 5G (Icy Blue, 128 GB)","₹28,999",6 GB RAM | 128 GB ROM17.02 cm (6.7 inch) Display64MP Rear Camera5000 mAh Battery1 Year Warranty,4.4
163,"OPPO F11 Pro (Thunder Black, 128 GB)","₹29,990",6 GB RAM | 128 GB ROM | Expandable Upto 256 GB16.51 cm (6.5 inch) Full HD+ Display48MP + 5MP | 16MP Front Camera4000 mAh Li-polymer BatteryMediaTek Helio P70 Octa Core 2.1 GHz ProcessorBrand Warranty of 1 Year Available for Mobile and 6 Months for Accessories,4.5
164,"SAMSUNG Galaxy A34 5G (Awesome Lime, 128 GB)","₹30,299","6 GB RAM | 128 GB ROM | Expandable Upto 1 TB16.76 cm (6.6 inch) Full HD+ Display48MP + 8MP + 5MP | 13MP Front Camera5000 mAh Li-ion Battery BatteryDimensity 1080, Octa Core Processor1 year manufacturer warranty for device and 6 months manufacturer warranty for in-box accessories",4.3
165,"OPPO Reno2 F (Sky White, 128 GB)","₹28,990",8 GB RAM | 128 GB ROM16.51 cm (6.5 inch) Display48MP + 8MP + 2MP + 2MP | 16MP Front Camera4000 mAh BatteryMTK MT6771V(P70) 64bit ProcessorBrand Warranty of 1 Year Available for Mobile with Battery and 6 Months for Accessories,4.3
166,"Redmi K20 Pro (Glacier Blue, 128 GB)","₹28,999",6 GB RAM | 128 GB ROM16.23 cm (6.39 inch) Full HD+ Display48MP + 13MP + 8MP | 20MP Front Camera4000 mAh Li-polymer BatteryQualcomm Snapdragon 855 ProcessorBrand Warranty of 1 Year Available for Mobile and 6 Months for Accessories,4.3
167,"Nokia 8.1 (Blue, 64 GB)","₹28,831",4 GB RAM | 64 GB ROM | Expandable Upto 400 GB15.7 cm (6.18 inch) Full HD+ Display12MP + 13MP | 20MP Front Camera3500 mAh BatteryQualcomm Snapdragon 710 Processor1 year manufacturer warranty for device and 6 months manufacturer warranty for in-box accessories including batteries from the date of purchase,4.5
168,"APPLE iPhone 6 (Gold, 32 GB)","₹28,130",32 GB ROM11.94 cm (4.7 inch) Retina HD Display8MP Rear Camera | 1.2MP Front CameraA8 Chip with 64-bit Architecture and M8 Motion Co-processorBrand Warranty of 1 Year,4.2
169,"Redmi K20 Pro (Flame Red, 128 GB)","₹28,999",6 GB RAM | 128 GB ROM16.23 cm (6.39 inch) Full HD+ Display48MP + 13MP + 8MP | 20MP Front Camera4000 mAh Li-polymer BatteryQualcomm Snapdragon 855 ProcessorBrand Warranty of 1 Year Available for Mobile and 6 Months for Accessories,4.5
170,"realme 11 Pro+ 5G (Astral Black, 256 GB)","₹29,999",12 GB RAM | 256 GB ROM17.02 cm (6.7 inch) Full HD+ Display200MP (OIS) + 8MP + 2MP | 32MP Front Camera5000 mAh BatteryDimensity 7050 Processor1 Year Manufacturer Warranty for Device and 6 Months Manufacturer Warranty for In-Box Accessories,4.5
171,"vivo V21e (Dark Pearl, 128 GB)","₹29,999",8 GB RAM | 128 GB ROM | Expandable Upto 1 TB16.36 cm (6.44 inch) Full HD+ Display64MP + 8MP | 32MP Front Camera4000 mAh BatteryMediaTek Dimensity 700 Processor44W Flast ChargeAMOLED Display1 Year for Handset and 6 Months for In-box Accessories,4.4
172,"vivo V21e (Sunset Jazz, 128 GB)","₹27,990",8 GB RAM | 128 GB ROM | Expandable Upto 1 TB16.36 cm (6.44 inch) Full HD+ Display64MP + 8MP | 32MP Front Camera4000 mAh BatteryMediaTek Dimensity 700 Processor44W Flast ChargeAMOLED Display1 Year for Handset and 6 Months for In-box Accessories,4.5
173,"SAMSUNG Galaxy A34 5G (Awesome Graphite, 128 GB)","₹29,990","6 GB RAM | 128 GB ROM | Expandable Upto 1 TB16.76 cm (6.6 inch) Full HD+ Display48MP + 8MP + 5MP | 13MP Front Camera5000 mAh Li-ion Battery BatteryDimensity 1080, Octa Core Processor1 year manufacturer warranty for device and 6 months manufacturer warranty for in-box accessories",4.3
174,"SAMSUNG Galaxy M52 5G (Icy Blue, 128 GB)","₹28,999",6 GB RAM | 128 GB ROM17.02 cm (6.7 inch) Display64MP Rear Camera5000 mAh Battery1 Year Warranty,4.4
175,"OPPO F11 Pro (Thunder Black, 128 GB)","₹29,990",6 GB RAM | 128 GB ROM | Expandable Upto 256 GB16.51 cm (6.5 inch) Full HD+ Display48MP + 5MP | 16MP Front Camera4000 mAh Li-polymer BatteryMediaTek Helio P70 Octa Core 2.1 GHz ProcessorBrand Warranty of 1 Year Available for Mobile and 6 Months for Accessories,4.1
176,"SAMSUNG Galaxy A34 5G (Awesome Lime, 128 GB)","₹30,299","6 GB RAM | 128 GB ROM | Expandable Upto 1 TB16.76 cm (6.6 inch) Full HD+ Display48MP + 8MP + 5MP | 13MP Front Camera5000 mAh Li-ion Battery BatteryDimensity 1080, Octa Core Processor1 year manufacturer warranty for device and 6 months manufacturer warranty for in-box accessories",4.3
177,"OPPO Reno2 F (Sky White, 128 GB)","₹28,990",8 GB RAM | 128 GB ROM16.51 cm (6.5 inch) Display48MP + 8MP + 2MP + 2MP | 16MP Front Camera4000 mAh BatteryMTK MT6771V(P70) 64bit ProcessorBrand Warranty of 1 Year Available for Mobile with Battery and 6 Months for Accessories,4.2
178,"Redmi K20 Pro (Glacier Blue, 128 GB)","₹28,999",6 GB RAM | 128 GB ROM16.23 cm (6.39 inch) Full HD+ Display48MP + 13MP + 8MP | 20MP Front Camera4000 mAh Li-polymer BatteryQualcomm Snapdragon 855 ProcessorBrand Warranty of 1 Year Available for Mobile and 6 Months for Accessories,4.4
179,"Nokia 8.1 (Blue, 64 GB)","₹28,831",4 GB RAM | 64 GB ROM | Expandable Upto 400 GB15.7 cm (6.18 inch) Full HD+ Display12MP + 13MP | 20MP Front Camera3500 mAh BatteryQualcomm Snapdragon 710 Processor1 year manufacturer warranty for device and 6 months manufacturer warranty for in-box accessories including batteries from the date of purchase,4.4
180,"realme X7 Max (Mercury Silver, 128 GB)","₹26,999",8 GB RAM | 128 GB ROM16.33 cm (6.43 inch) Full HD+ Display64MP + 8MP + 2MP | 16MP Front Camera4500 mAh BatteryMediaTek Dimensity 1200 Processor120Hz Super AMOLED Display1 Year Warranty for Mobile and 6 Months for Accessories,4.3
181,"realme GT Neo 3 (Blue, 128 GB)","₹29,999",8 GB RAM | 128 GB ROM17.02 cm (6.7 inch) Full HD+ Display50MP + 8MP + 2MP | 16MP Front Camera5000 mAh BatteryMediatek Dimensity 8100 Processor1 Year Manufacturer Warranty for Phone and 6 Months Warranty for In-Box Accessories,4.3
182,"Nokia 8.1 (Iron, 64 GB)","₹28,831",4 GB RAM | 64 GB ROM | Expandable Upto 400 GB15.7 cm (6.18 inch) Full HD+ Display12MP + 13MP | 20MP Front Camera3500 mAh BatteryQualcomm Snapdragon 710 Processor1 year manufacturer warranty for device and 6 months manufacturer warranty for in-box accessories including batteries from the date of purchase,4.3
183,"SAMSUNG Galaxy F14 5G (GOAT Green, 128 GB)","₹14,990","6 GB RAM | 128 GB ROM | Expandable Upto 1 TB16.76 cm (6.6 inch) Full HD+ Display50MP + 2MP | 13MP Front Camera6000 mAh BatteryExynos 1330, Octa Core Processor1 Year Manufacturer Warranty for Device and 6 Months Manufacturer Warranty for In-Box Accessories",4.1
184,"vivo T2 5G (Nitro Blaze, 128 GB)","₹20,999",8 GB RAM | 128 GB ROM16.21 cm (6.38 inch) Full HD+ Display64 MP (OIS) + 2MP | 16MP Front Camera4500 mAh BatterySnapdragon 695 Processor1 Year of Device & 6 Months for Inbox Accessories,4.1
185,"vivo T2 5G (Velocity Wave, 128 GB)","₹20,999",8 GB RAM | 128 GB ROM16.21 cm (6.38 inch) Full HD+ Display64 MP (OIS) + 2MP | 16MP Front Camera4500 mAh BatterySnapdragon 695 Processor1 Year of Device & 6 Months for Inbox Accessories,4.3
186,"POCO X5 Pro 5G (Astral Black, 256 GB)","₹22,999",8 GB RAM | 256 GB ROM16.94 cm (6.67 inch) Full HD+ Display108MP + 8MP + 2MP | 16MP Front Camera5000 mAh BatteryQualcomm Snapdragon 778G Processor1 Year Manufacturer Warranty for Phone and 6 Months Warranty for in the Box Accessories,4.3
187,"realme GT 2 (Paper White, 128 GB)","₹24,999",8 GB RAM | 128 GB ROM16.81 cm (6.62 inch) Full HD+ AMOLED Display50MP + 8MP + 2MP | 16MP Front Camera5000 mAh Lithium Ion BatteryQualcomm Snapdragon 888 Processor1 Year Manufacturer Warranty for Phone and 6 Months Warranty for In-Box Accessories,4.2
188,"realme GT 2 (Steel Black, 128 GB)","₹24,999",8 GB RAM | 128 GB ROM16.81 cm (6.62 inch) Full HD+ AMOLED Display50MP + 8MP + 2MP | 16MP Front Camera5000 mAh Lithium Ion BatteryQualcomm Snapdragon 888 Processor1 Year Manufacturer Warranty for Phone and 6 Months Warranty for In-Box Accessories,4.1
189,"REDMI Note 12 (Sunrise Gold, 128 GB)","₹15,999",6 GB RAM | 128 GB ROM | Expandable Upto 1 TB16.94 cm (6.67 inch) Full HD+ Super AMOLED Display50MP + 8MP + 2MP | 13MP Front Camera5000 mAh BatterySnapdragon 685 Processor1 Year Manufacturer Warranty for Phone and 6 Months Warranty for In the Box Accessories,4.1
190,"REDMI Note 12 (Lunar Black, 128 GB)","₹15,999",6 GB RAM | 128 GB ROM | Expandable Upto 1 TB16.94 cm (6.67 inch) Full HD+ Super AMOLED Display50MP + 8MP + 2MP | 13MP Front Camera5000 mAh BatterySnapdragon 685 Processor1 Year Manufacturer Warranty for Phone and 6 Months Warranty for In the Box Accessories,4.3
191,"POCO X5 Pro 5G (Yellow, 256 GB)","₹22,999",8 GB RAM | 256 GB ROM16.94 cm (6.67 inch) Full HD+ Display108MP + 8MP + 2MP | 16MP Front Camera5000 mAh BatteryQualcomm Snapdragon 778G Processor1 Year Manufacturer Warranty for Phone and 6 Months Warranty for in the Box Accessories,4
192,"POCO X5 Pro 5G (Horizon Blue, 128 GB)","₹20,999",6 GB RAM | 128 GB ROM16.94 cm (6.67 inch) Full HD+ Display108MP + 8MP + 2MP | 16MP Front Camera5000 mAh BatteryQualcomm Snapdragon 778G Processor1 Year Manufacturer Warranty for Phone and 6 Months Warranty for in the Box Accessories,4.3
193,"SAMSUNG Galaxy M33 5G (Mystique Green, 128 GB)","₹16,789",6 GB RAM | 128 GB ROM16.74 cm (6.59 inch) Display50MP Rear Camera6000 mAh Battery12 Months Warranty,4.3
194,"MOTOROLA g82 5G (Meterorite Grey, 128 GB)","₹21,499",8 GB RAM | 128 GB ROM | Expandable Upto 1 TB16.76 cm (6.6 inch) Full HD+ Display50MP + 8MP + 2MP | 16MP Front Camera5000 mAh Lithium BatteryQualcomm Snapdragon 695 5G Processor1 Year on Handset and 6 Months on Accessories,4
195,"REDMI Note 12 (Ice Blue, 128 GB)","₹15,999",6 GB RAM | 128 GB ROM | Expandable Upto 1 TB16.94 cm (6.67 inch) Full HD+ Super AMOLED Display50MP + 8MP + 2MP | 13MP Front Camera5000 mAh BatterySnapdragon 685 Processor1 Year Manufacturer Warranty for Phone and 6 Months Warranty for In the Box Accessories,4.1
196,"realme 11 Pro+ 5G (Astral Black, 256 GB)","₹29,999",12 GB RAM | 256 GB ROM17.02 cm (6.7 inch) Full HD+ Display200MP (OIS) + 8MP + 2MP | 32MP Front Camera5000 mAh BatteryDimensity 7050 Processor1 Year Manufacturer Warranty for Device and 6 Months Manufacturer Warranty for In-Box Accessories,4.4
197,"SAMSUNG Galaxy A14 5G (Black, 128 GB)","₹17,999",6 GB RAM | 128 GB ROM | Expandable Upto 1 TB16.76 cm (6.6 inch) HD+ Display50MP + 2MP | 13MP Front Camera5000 mAh Lithium Ion BatterySEC S5E8535 (Exynos 1330) Processor1 Year Manufacturer Warranty for Device and 6 Months Manufacturer Warranty for In-Box Accessories,4.4
198,"POCO X5 Pro 5G (Yellow, 128 GB)","₹20,999",6 GB RAM | 128 GB ROM16.94 cm (6.67 inch) Full HD+ Display108MP + 8MP + 2MP | 16MP Front Camera5000 mAh BatteryQualcomm Snapdragon 778G Processor1 Year Manufacturer Warranty for Phone and 6 Months Warranty for in the Box Accessories,4.4
199,"POCO F4 5G (Night Black, 256 GB)","₹24,999",12 GB RAM | 256 GB ROM16.94 cm (6.67 inch) Full HD+ Display64MP + 8MP + 2MP | 20MP Front Camera4500 mAh Lithium-ion Polymer BatteryQualcomm Snapdragon 870 Processor2 Years Brand Warranty,4.4
200,"SAMSUNG Galaxy A14 5G (Light Green, 128 GB)","₹17,999",6 GB RAM | 128 GB ROM | Expandable Upto 1 TB16.76 cm (6.6 inch) HD+ Display50MP + 2MP | 13MP Front Camera5000 mAh Lithium Ion BatterySEC S5E8535 (Exynos 1330) Processor1 Year Manufacturer Warranty for Device and 6 Months Manufacturer Warranty for In-Box Accessories,4.4
201,"MOTOROLA g82 5G (White Lily, 128 GB)","₹21,499",8 GB RAM | 128 GB ROM | Expandable Upto 1 TB16.76 cm (6.6 inch) Full HD+ Display50MP + 8MP + 2MP | 16MP Front Camera5000 mAh Lithium BatteryQualcomm Snapdragon 695 5G Processor1 Year on Handset and 6 Months on Accessories,4.4
202,"realme 10 Pro+ 5G (Hyperspace, 128 GB)","₹23,999",8 GB RAM | 128 GB ROM17.02 cm (6.7 inch) Full HD+ Display108MP + 8MP + 2MP | 16MP Front Camera5000 mAh BatteryMediatek Dimensity 1080 5G Processor1 Year Manufacturer Warranty for Phone and 6 Months Warranty for In-Box Accessories,4.2
203,"realme 10 Pro+ 5G (Nebula Blue, 128 GB)","₹23,999",8 GB RAM | 128 GB ROM17.02 cm (6.7 inch) Full HD+ Display108MP + 8MP + 2MP | 16MP Front Camera5000 mAh BatteryMediatek Dimensity 1080 5G Processor1 Year Manufacturer Warranty for Phone and 6 Months Warranty for In-Box Accessories,4.1
204,"realme 10 Pro+ 5G (Dark Matter, 128 GB)","₹23,999",8 GB RAM | 128 GB ROM17.02 cm (6.7 inch) Full HD+ Display108MP + 8MP + 2MP | 16MP Front Camera5000 mAh BatteryMediatek Dimensity 1080 5G Processor1 Year Manufacturer Warranty for Phone and 6 Months Warranty for In-Box Accessories,4.4
205,"realme 10 Pro+ 5G (Dark Matter, 128 GB)","₹22,999",6 GB RAM | 128 GB ROM17.02 cm (6.7 inch) Full HD+ Display108MP + 8MP + 2MP | 16MP Front Camera5000 mAh BatteryMediatek Dimensity 1080 5G Processor1 Year Manufacturer Warranty for Phone and 6 Months Warranty for In-Box Accessories,4.3
206,"realme 10 Pro+ 5G (Nebula Blue, 128 GB)","₹22,999",6 GB RAM | 128 GB ROM17.02 cm (6.7 inch) Full HD+ Display108MP + 8MP + 2MP | 16MP Front Camera5000 mAh BatteryMediatek Dimensity 1080 5G Processor1 Year Manufacturer Warranty for Phone and 6 Months Warranty for In-Box Accessories,4
207,"realme 10 Pro+ 5G (Hyperspace, 128 GB)","₹22,999",6 GB RAM | 128 GB ROM17.02 cm (6.7 inch) Full HD+ Display108MP + 8MP + 2MP | 16MP Front Camera5000 mAh BatteryMediatek Dimensity 1080 5G Processor1 Year Manufacturer Warranty for Phone and 6 Months Warranty for In-Box Accessories,4.1
208,"REDMI K50i 5G (Stealth Black, 256 GB)","₹23,999",8 GB RAM | 256 GB ROM16.76 cm (6.6 inch) Full HD+ Display64MP + 8MP + 2MP | 16MP Front Camera5080 mAh BatteryDimensity 8100 Processor1 Year Manufacturer Warranty for Phone and 6 Months Warranty for In the Box Accessories,4.2
209,"MOTOROLA Edge 30 (Meteor Grey, 128 GB)","₹24,999",8 GB RAM | 128 GB ROM16.64 cm (6.55 inch) Full HD+ Display50MP + 50MP + 2MP | 32MP Front Camera4020 mAh Lithium BatteryQualcomm Snapdragon 778G Plus Processor1 Year on Handset and 6 Months on Accessories,4.4
210,"realme 9 Pro+ 5G (Aurora Green, 256 GB)","₹21,999",8 GB RAM | 256 GB ROM16.26 cm (6.4 inch) Full HD+ AMOLED Display50MP + 8MP + 2MP | 16MP Front Camera4500 mAh Li-ion BatteryMediatek Dimensity 920 Processor1 Year Warranty for Phone and 6 Months Warranty for In-Box Accessories,4.3
211,"POCO X5 Pro 5G (Astral Black, 128 GB)","₹20,999",6 GB RAM | 128 GB ROM16.94 cm (6.67 inch) Full HD+ Display108MP + 8MP + 2MP | 16MP Front Camera5000 mAh BatteryQualcomm Snapdragon 778G Processor1 Year Manufacturer Warranty for Phone and 6 Months Warranty for in the Box Accessories,4.2
212,"SAMSUNG Galaxy A14 5G (Dark Red, 128 GB)","₹17,999",6 GB RAM | 128 GB ROM | Expandable Upto 1 TB16.76 cm (6.6 inch) HD+ Display50MP + 2MP | 13MP Front Camera5000 mAh Lithium Ion BatterySEC S5E8535 (Exynos 1330) Processor1 Year Manufacturer Warranty for Device and 6 Months Manufacturer Warranty for In-Box Accessories,4.1
213,"SAMSUNG Galaxy A14 5G (Dark Red, 128 GB)","₹19,999",8 GB RAM | 128 GB ROM | Expandable Upto 1 TB16.76 cm (6.6 inch) HD+ Display50MP + 2MP | 13MP Front Camera5000 mAh Lithium Ion BatterySEC S5E8535 (Exynos 1330) Processor1 Year Manufacturer Warranty for Device and 6 Months Manufacturer Warranty for In-Box Accessories,4.3
214,"SAMSUNG Galaxy M33 5G (Deep Ocean Blue, 128 GB)","₹16,900",6 GB RAM | 128 GB ROM16.76 cm (6.6 inch) Display50MP Rear Camera6000 mAh Battery1 Year Warranty,4.3
215,"realme 9 Pro+ 5G (Sunrise Blue, 256 GB)","₹21,999",8 GB RAM | 256 GB ROM16.26 cm (6.4 inch) Full HD+ AMOLED Display50MP + 8MP + 2MP | 16MP Front Camera4500 mAh Li-ion BatteryMediatek Dimensity 920 Processor1 Year Warranty for Phone and 6 Months Warranty for In-Box Accessories,4.3
216,"realme 11 Pro+ 5G (Astral Black, 256 GB)","₹29,999",12 GB RAM | 256 GB ROM17.02 cm (6.7 inch) Full HD+ Display200MP (OIS) + 8MP + 2MP | 32MP Front Camera5000 mAh BatteryDimensity 7050 Processor1 Year Manufacturer Warranty for Device and 6 Months Manufacturer Warranty for In-Box Accessories,4.4
217,"REDMI K50i 5G (Quick Silver, 256 GB)","₹23,999",8 GB RAM | 256 GB ROM16.76 cm (6.6 inch) Full HD+ Display64MP + 8MP + 2MP | 16MP Front Camera5080 mAh BatteryDimensity 8100 Processor1 Year Manufacturer Warranty for Phone and 6 Months Warranty for In the Box Accessories,4.4
218,"SAMSUNG Galaxy A14 5G (Black, 128 GB)","₹19,999",8 GB RAM | 128 GB ROM | Expandable Upto 1 TB16.76 cm (6.6 inch) HD+ Display50MP + 2MP | 13MP Front Camera5000 mAh Lithium Ion BatterySEC S5E8535 (Exynos 1330) Processor1 Year Manufacturer Warranty for Device and 6 Months Manufacturer Warranty for In-Box Accessories,4.3
219,"vivo Y33s (Midday Dream, 128 GB)","₹21,990",8 GB RAM | 128 GB ROM | Expandable Upto 1 TB16.71 cm (6.58 inch) Full HD+ Display50MP + 2MP + 2MP | 16MP Front Camera5000 mAh Lithium BatteryMediaTek Helio G80 Processor1 Year for Handset and 6 Months for In-box Accessories,4.1
220,"OPPO A78 5G (Glowing Black, 128 GB)","₹18,979",8 GB RAM | 128 GB ROM16.66 cm (6.56 inch) Display13MP Rear Camera5000 mAh Battery12 Months,4.1
221,"OPPO A77s (Sunset Orange, 128 GB)","₹16,499",8 GB RAM | 128 GB ROM | Expandable Upto 1 TB16.66 cm (6.56 inch) HD+ Display50MP + 2MP | 8MP Front Camera5000 mAh Lithium-ion Polymer BatteryQualcomm Snapdragon 680 Processor1 Year on Handset and 6 Months on Accessories,4.2
222,"vivo Y35 (Dawn Gold, 128 GB)","₹16,999",8 GB RAM | 128 GB ROM16.71 cm (6.58 inch) Full HD+ Display50MP + 2MP + 2MP | 16MP Front Camera5000 mAh Lithium BatteryQualcomm Snapdragon 680 Processor1 Year of Device & 6 Months for In-Box Accessories,4.2
223,"vivo Y35 (Agate Black, 128 GB)","₹16,999",8 GB RAM | 128 GB ROM16.71 cm (6.58 inch) Full HD+ Display50MP + 2MP + 2MP | 16MP Front Camera5000 mAh Lithium BatteryQualcomm Snapdragon 680 Processor1 Year of Device & 6 Months for In-Box Accessories,4.3
224,"OPPO A78 5G (Glowing Blue, 128 GB)","₹18,179",8 GB RAM | 128 GB ROM16.66 cm (6.56 inch) Display13MP Rear Camera5000 mAh Battery12 Months,4.3
225,"SAMSUNG Galaxy A14 5G (Light Green, 128 GB)","₹19,999",8 GB RAM | 128 GB ROM | Expandable Upto 1 TB16.76 cm (6.6 inch) HD+ Display50MP + 2MP | 13MP Front Camera5000 mAh Lithium Ion BatterySEC S5E8535 (Exynos 1330) Processor1 Year Manufacturer Warranty for Device and 6 Months Manufacturer Warranty for In-Box Accessories,4.2
226,"REDMI K50i 5G (Quick Silver, 128 GB)","₹20,999",6 GB RAM | 128 GB ROM16.76 cm (6.6 inch) Full HD+ Display64MP + 8MP + 2MP | 16MP Front Camera5080 mAh BatteryDimensity 8100 Processor1 Year Manufacturer Warranty for Phone and 6 Months Warranty for In the Box Accessories,4.4
227,"vivo Y56 5G (Black Engine, 128 GB)","₹19,999",8 GB RAM | 128 GB ROM16.71 cm (6.58 inch) Full HD+ Display50MP + 2MP | 16MP Front Camera5000 mAh BatteryMediatek Dimensity 700 Processor1 Year Manufacturer Warranty for Handset and 6 Months Manufacturer Warranty for In-Box Accessories,4.1
228,"vivo Y56 5G (Orange Shimmer, 128 GB)","₹19,999",8 GB RAM | 128 GB ROM16.71 cm (6.58 inch) Full HD+ Display50MP + 2MP | 16MP Front Camera5000 mAh BatteryMediatek Dimensity 700 Processor1 Year Manufacturer Warranty for Handset and 6 Months Manufacturer Warranty for In-Box Accessories,4.4
229,"OPPO A77s (Starry Black, 128 GB)","₹16,499",8 GB RAM | 128 GB ROM | Expandable Upto 1 TB16.66 cm (6.56 inch) HD+ Display50MP + 2MP | 8MP Front Camera5000 mAh Lithium-ion Polymer BatteryQualcomm Snapdragon 680 Processor1 Year on Handset and 6 Months on Accessories,4.1
230,"vivo Y56 5G (Orange Shimmer, 128 GB)","₹17,999",4 GB RAM | 128 GB ROM16.71 cm (6.58 inch) Full HD+ Display50MP + 2MP | 16MP Front Camera5000 mAh BatteryMediatek Dimensity 700 Processor1 Year Manufacturer Warranty for Handset and 6 Months Manufacturer Warranty for In-Box Accessories,4.2
231,"REDMI Note 11s (Space Black, 128 GB)","₹16,408",8 GB RAM | 128 GB ROM16.33 cm (6.43 inch) Display50MP Rear Camera5000 mAh Battery12 Months Warranty,4.4
232,"OPPO F21 Pro (Sunset Orange, 128 GB)","₹20,999",8 GB RAM | 128 GB ROM16.33 cm (6.43 inch) Display64MP Rear Camera4500 mAh Battery12 months,4.1
233,"MOTOROLA Edge 30 (Aurora Green, 128 GB)","₹24,999",8 GB RAM | 128 GB ROM16.64 cm (6.55 inch) Full HD+ Display50MP + 50MP + 2MP | 32MP Front Camera4020 mAh Lithium BatteryQualcomm Snapdragon 778G Plus Processor1 Year on Handset and 6 Months on Accessories,4.4
234,"vivo T1 Pro 5G (Turbo Cyan, 128 GB)","₹24,999",8 GB RAM | 128 GB ROM16.36 cm (6.44 inch) Full HD+ AMOLED Display64MP + 8MP + 2MP | 16MP Front Camera4700 mAh Lithium BatteryQualcomm Snapdragon 778G 5G Mobile Platform Processor1 Year Handset and 6 Months Accessories,
235,"Mi 11X (Lunar White, 128 GB)","₹26,999",8 GB RAM | 128 GB ROM16.94 cm (6.67 inch) Full HD+ Display48MP + 8MP + 5MP | 20MP Front Camera4520 mAh BatteryQualcomm Snapdragon 870 Processor1 Year Manufacturer Warranty for Device and 6 Months Manufacturer Warranty for In-box Accessories,
236,"Xiaomi 11i Hypercharge 5G (Camo Green, 128 GB)","₹28,999",8 GB RAM | 128 GB ROM | Expandable Upto 1 TB16.94 cm (6.67 inch) Full HD+ AMOLED Display108MP + 8MP + 2MP | 16MP Front Camera4500 mAh Li-Polymer BatteryMediatek Dimensity 920 Processor1 Year Manufacturer Warranty for Phone and 6 Months Warranty for In the Box Accessories,
237,"IQOO Z6 Pro 5G (Phantom Dusk, 256 GB)","₹28,390",12 GB RAM | 256 GB ROM16.36 cm (6.44 inch) Display64MP Rear Camera4700 mAh Battery1 Year,
238,"SAMSUNG Galaxy A33 (Awesome Blue, 128 GB)","₹25,999",6 GB RAM | 128 GB ROM | Expandable Upto 1 TB16.26 cm (6.4 inch) Full HD+ Display48MP + 8MP + 5MP + 2MP | 13MP Front Camera5000 mAh Li-ion BatteryExynos 1280 Processor1 Year Manufacturer Warranty for Device and 6 Months Manufacturer Warranty for In-Box,
239,"IQOO Neo 6 5G (Cyber Rage, 128 GB)","₹28,499",8 GB RAM | 128 GB ROM16.81 cm (6.62 inch) Display64MP Rear Camera4700 mAh Battery1 Year,
